{
    "type": "origins:conditioned_attribute",
    "modifiers": [
        {
            "attribute": "minecraft:generic.attack_damage",
            "operation": "addition",
            "value": 1,
            "name": "Increased attack"
        },
        {
            "attribute": "minecraft:generic.armor",
            "operation": "addition",
            "value": 2,
            "name": "Increased armor"
        }
    ],
    "tick_rate": 20,
    "condition": {
        "type": "origins:in_block",
        "block_condition": {
            "type": "origins:height",
            "comparison": "<=",
            "compare_to": 1
        }
    }, 
    "hidden": false, 
    "name": "Deepend Power", 
    "description": "At lower y levels, you feel stronger. There's more power behind your attacks, and you can tank more hits."
}