{
    "type": "origins:action_over_time",
    "entity_action": {
        "type": "origins:area_of_effect",
        "radius": 16,
        "bientity_action": {
            "type": "origins:and",
            "actions": [
                {
                    "type": "origins:actor_action",
                    "action": {
                        "type": "origins:and",
                        "actions": [
                            {
                                "type": "origins:apply_effect",
                                "effect": {
                                    "effect": "minecraft:speed",
                                    "duration": 200,
                                    "amplifier": 0,
                                    "is_ambient": true,
                                    "show_particles": false,
                                    "show_icon": true
                                }
                            },
                            {
                                "type": "origins:apply_effect",
                                "effect": {
                                    "effect": "minecraft:haste",
                                    "duration": 200,
                                    "amplifier": 0,
                                    "is_ambient": true,
                                    "show_particles": false,
                                    "show_icon": true
                                }
                            },
                            {
                                "type": "origins:apply_effect",
                                "effect": {
                                    "effect": "minecraft:resistance",
                                    "duration": 200,
                                    "amplifier": 0,
                                    "is_ambient": true,
                                    "show_particles": false,
                                    "show_icon": true
                                }
                            },
                            {
                                "type": "origins:apply_effect",
                                "effect": {
                                    "effect": "minecraft:jump_boost",
                                    "duration": 200,
                                    "amplifier": 0,
                                    "is_ambient": true,
                                    "show_particles": false,
                                    "show_icon": true
                                }
                            },
                            {
                                "type": "origins:apply_effect",
                                "effect": {
                                    "effect": "minecraft:strength",
                                    "duration": 200,
                                    "amplifier": 0,
                                    "is_ambient": true,
                                    "show_particles": false,
                                    "show_icon": true
                                }
                            }
                        ]
                    }
                },
                {
                    "type": "origins:target_action",
                    "action": {
                        "type": "origins:and",
                        "actions": [
                            {
                                "type": "origins:apply_effect",
                                "effect": {
                                    "effect": "minecraft:speed",
                                    "duration": 200,
                                    "amplifier": 0,
                                    "is_ambient": true,
                                    "show_particles": false,
                                    "show_icon": false
                                }
                            },
                            {
                                "type": "origins:apply_effect",
                                "effect": {
                                    "effect": "minecraft:haste",
                                    "duration": 200,
                                    "amplifier": 0,
                                    "is_ambient": true,
                                    "show_particles": false,
                                    "show_icon": false
                                }
                            },
                            {
                                "type": "origins:apply_effect",
                                "effect": {
                                    "effect": "minecraft:resistance",
                                    "duration": 200,
                                    "amplifier": 0,
                                    "is_ambient": true,
                                    "show_particles": false,
                                    "show_icon": false
                                }
                            },
                            {
                                "type": "origins:apply_effect",
                                "effect": {
                                    "effect": "minecraft:jump_boost",
                                    "duration": 200,
                                    "amplifier": 0,
                                    "is_ambient": true,
                                    "show_particles": false,
                                    "show_icon": false
                                }
                            },
                            {
                                "type": "origins:apply_effect",
                                "effect": {
                                    "effect": "minecraft:strength",
                                    "duration": 200,
                                    "amplifier": 0,
                                    "is_ambient": true,
                                    "show_particles": false,
                                    "show_icon": false
                                }
                            },
                            {
                                "type": "origins:apply_effect",
                                "effect": {
                                    "effect": "minecraft:glowing",
                                    "duration": 20,
                                    "amplifier": 0,
                                    "is_ambient": true,
                                    "show_particles": false,
                                    "show_icon": false
                                }
                            }
                        ]
                    }
                }
            ]
        },
        "bientity_condition": {
            "type": "origins:target_condition",
            "condition": {
                "type": "origins:or",
                "conditions": [
                    {
                        "type": "origins:entity_type",
                        "entity_type": "minecraft:player"
                    },
                    {
                        "type": "origins:tamed"
                    }
                ]
            }
        }
    },
    "interval": 1,
    "condition": {
        "type": "origins:resource",
        "resource": "*:alien/beaconmeup_res",
        "comparison": "==",
        "compare_to": 1
    },
    "hidden": true
}