{
    "type": "origins:multiple",
    "active_jump": {
        "type": "origins:resource",
        "min": 0,
        "max": 1,
        "hud_render": {
            "should_render": false
        }
    },
    "double_jump": {
        "type": "origins:active_self",
        "entity_action": {
            "type": "origins:if_else",
            "condition": {
                "type": "origins:and",
                "conditions": [
                    {
                        "type": "origins:resource",
                        "resource": "*:*_active_jump",
                        "comparison": "==",
                        "compare_to": 1
                    },
                    {
                        "type": "origins:on_block",
                        "inverted": true
                    },
                    {
                        "type": "origins:in_block_anywhere",
                        "block_condition": {
                            "type": "origins:block",
                            "block": "minecraft:water"
                        },
                        "inverted": true
                    },
                    {
                        "type": "origins:in_block_anywhere",
                        "block_condition": {
                            "type": "origins:block",
                            "block": "minecraft:lava"
                        },
                        "inverted": true
                    }
                ]
            },
            "if_action": {
                "type": "origins:and",
                "actions": [
                    {
                        "type": "origins:change_resource",
                        "resource": "*:*_active_jump",
                        "change": 0,
                        "operation": "set"
                    },
                    {
                        "type": "origins:add_velocity",
                        "space": "world",
                        "y": 0.95
                    },
                    {
                        "type": "origins:play_sound",
                        "sound": "minecraft:entity.parrot.fly"
                    },
                    {
                        "type": "origins:execute_command",
                        "command": "particle minecraft:dust 1 1 1 1 ~ ~1 ~ 0.5 0.6 0.5 3 50",
                        "permission_level": 4
                    }
                ]
            }
        },
        "condition": {
            "type": "origins:and",
            "conditions": [
                {
                    "type": "origins:resource",
                    "resource": "*:*_active_jump",
                    "comparison": "==",
                    "compare_to": 1
                },
                {
                    "type": "origins:on_block",
                    "inverted": true
                },
                {
                    "type": "origins:in_block_anywhere",
                    "block_condition": {
                        "type": "origins:block",
                        "block": "minecraft:water"
                    },
                    "inverted": true
                },
                {
                    "type": "origins:in_block_anywhere",
                    "block_condition": {
                        "type": "origins:block",
                        "block": "minecraft:lava"
                    },
                    "inverted": true
                }
            ]
        },
        "cooldown": 5,
        "key": {
            "key": "key.jump",
            "continuous": false
        },
        "hud_render": {
            "should_render": false
        }
    }
}