{
    "type": "origins:conditioned_attribute",
    "modifiers": [
        {
            "name": "Luck modification",
            "attribute": "minecraft:generic.luck",
            "value": 0.5,
            "operation": "addition"
        },
        {
            "name": "Health modification",
            "attribute": "minecraft:generic.movement_speed",
            "value": 0.02,
            "operation": "addition"
        }
    ],
    "condition": {
        "type": "origins:and",
        "conditions": [
            {
                "type": "origins:daytime",
                "inverted": true
            },
            {
                "type": "origins:exposed_to_sky"
            }
        ]
    },
    "tick": 20,
    "hidden": false,
    "name": "Blessing of the Eclipse",
    "description": "When moon rises and you are exposed to the sky, you have an increased speed."
}