{
    "type": "origins:target_action_on_hit",
    "name": "Withered Touch",
    "description": "Your touch infects your enemies with decay, though you yourself are immune.",
    "condition": {
        "type": "origins:equipped_item",
        "equipment_slot": "mainhand",
        "item_condition": {
            "type": "origins:ingredient",
            "ingredient": {
                "item": "minecraft:air"
            }
        }
    },
    "entity_action": {
        "type": "origins:and",
        "actions": [
            {
                "type": "origins:apply_effect",
                "effects": [
                    {
                        "effect": "minecraft:wither",
                        "amplifier": 1,
                        "duration": 100
                    }
                ]
            }
        ]
    },
    "cooldown": 60,
    "hud_render": {
        "should_render": true, 
        "sprite_location": "origins:textures/gui/community/spiderkolo/resource_bar_01.png", 
        "bar_index": 18
    }
}