{
    "type": "origins:action_over_time",
    "condition": {
        "type": "origins:and",
        "conditions": [
            {
                "type": "origins:exposed_to_sun"
            },
            {
                "type": "origins:biome",
                "condition": {
                    "type": "origins:temperature",
                    "comparison": "<",
                    "compare_to": 1.5
                }
            }
        ]
    },
    "entity_action": {
        "type": "origins:apply_effect",
        "effects": [
            {
                "effect": "minecraft:regeneration",
                "duration": 400,
                "amplifier": 0
            },
            {
                "effect": "minecraft:saturation",
                "duration": 1,
                "amplifier": 0
            }
        ]
    },
    "interval": "400", 
    "name": "Chlorophyll", 
    "description": "Bask in the sun to recieve bonuses to speed, health, and to regain saturation."
}