{
    "type": "origins:conditioned_attribute",
    "modifiers": [
        {
            "attribute": "minecraft:generic.movement_speed",
            "operation": "addition",
            "value": 0.02,
            "name": "Increased sprinting speed"
        },
        {
            "attribute": "minecraft:generic.attack_speed",
            "operation": "addition",
            "value": 0.2,
            "name": "Increased attack speed"
        }
    ],
    "tick_rate": 20,
    "condition": {
        "type": "origins:and",
        "conditions": [
            {
                "type": "origins:exposed_to_sun"
            },
            {
                "type": "origins:biome",
                "condition": {
                    "type": "origins:temperature",
                    "comparison": "<",
                    "compare_to": 1.5
                }
            }
        ]
    }, 
    "hidden": true
}