{
    "type": "origins:conditioned_restrict_armor",
    "head": {
        "type": "origins:ingredient",
        "ingredient": {
            "item": "minecraft:iron_helmet"
        }
    },
    "chest": {
        "type": "origins:ingredient",
        "ingredient": {
            "item": "minecraft:iron_chestplate"
        }
    },
    "legs": {
        "type": "origins:ingredient",
        "ingredient": {
            "item": "minecraft:iron_leggings"
        }
    },
    "feet": {
        "type": "origins:ingredient",
        "ingredient": {
            "item": "minecraft:iron_boots"
        }
    }, 
    "hidden": false, 
    "name": "No Iron Maiden", 
    "description": "As a fae, you cannot wear iron and you are weak to iron weapons."
}