{
    "type": "origins:action_on_callback",
    "entity_action_chosen": {
        "type": "origins:and",
        "actions": [
            {
                "type": "origins:execute_command",
                "command": "scale set pehkui:height .12"
            },
            {
                "type": "origins:execute_command",
                "command": "scale set pehkui:width .12"
            },
            {
                "type": "origins:execute_command",
                "command": "scale set pehkui:motion 0.5"
            },
            {
                "type": "origins:execute_command",
                "command": "scale set pehkui:drops 0.25"
            }
        ]
    },
    "entity_action_respawned": {
        "type": "origins:and",
        "actions": [
            {
                "type": "origins:execute_command",
                "command": "scale set pehkui:height .12"
            },
            {
                "type": "origins:execute_command",
                "command": "scale set pehkui:width .12"
            },
            {
                "type": "origins:execute_command",
                "command": "scale set pehkui:motion 0.5"
            },
            {
                "type": "origins:execute_command",
                "command": "scale set pehkui:drops 0.25"
            }
        ]
    },
    "entity_action_lost": {
        "type": "origins:and",
        "actions": [
            {
                "type": "origins:execute_command",
                "command": "scale reset @s"
            }
        ]
    },
    "execute_chosen_when_orb": true,
    "hidden": false,
    "description": "You're quite small.", 
    "name": "Tiny"
}