{
    "powers": [
        "emsorigins:fairy/fairywings", 
        "emsorigins:fairy/fairyglow",
        "emsorigins:fairy/halfhearts", 
        "emsorigins:fairy/particles", 
        "emsorigins:fairy/smallfigure",
        "emsorigins:fairy/noironarmor",
        "emsorigins:fairy/airaffinity",
        "emsorigins:lucky",  
        "emsorigins:fire_vulnerability", 
        "emsorigins:fall_immunity", 
        "emsorigins:piercing_vulnerability"
    ],
    "icon": "minecraft:glowstone_dust",
    "order": 7,
    "impact": 3,
    "name": "Fairy",
    "description": "There's a giggle from behind the trees. It is revealed slowly, a small, sparkling, floating figure of luck and magic."
}