{
    "type": "origins:active_self",
    "entity_action": {
        "type": "origins:and",
        "actions": [
            {
                "type": "origins:execute_command",
                "command": "summon lightning_bolt"
            },
            {
                "type": "origins:apply_effect",
                "effect": {
                    "effect": "minecraft:speed",
                    "duration": 200,
                    "amplifier": 0,
                    "is_ambient": true,
                    "show_particles": false,
                    "show_icon": true
                }
            },
            {
                "type": "origins:apply_effect",
                "effect": {
                    "effect": "minecraft:regeneration",
                    "duration": 200,
                    "amplifier": 1,
                    "is_ambient": true,
                    "show_particles": false,
                    "show_icon": true
                }
            },
            {
                "type": "origins:apply_effect",
                "effect": {
                    "effect": "minecraft:strength",
                    "duration": 200,
                    "amplifier": 0,
                    "is_ambient": true,
                    "show_particles": false,
                    "show_icon": true
                }
            },
            {
                "type": "origins:apply_effect",
                "effect": {
                    "effect": "minecraft:absorption",
                    "duration": 200,
                    "amplifier": 1,
                    "is_ambient": true,
                    "show_particles": false,
                    "show_icon": true
                }
            },
            {
                "type": "origins:apply_effect",
                "effect": {
                    "effect": "minecraft:fire_resistance",
                    "duration": 200,
                    "amplifier": 1,
                    "is_ambient": true,
                    "show_particles": false,
                    "show_icon": true
                }
            }
        ]
    },
    "cooldown": 600,
    "hud_render": {
        "should_render": true
    },
    "key": "key.origins.primary_active",
    "condition": {
        "type": "origins:and",
        "conditions": [
            {
                "type": "origins:dimension",
                "dimension": "minecraft:overworld"
            }
        ]
    },
    "name": "Lightning Boost",
    "description": "When exposed to the sky, you can summon a lightning strike, giving yourself temporary boons."
}