{
    "type": "origins:active_self", 
    "entity_action": {
        "type": "origins:and", 
        "actions": [
            { 
                "type": "origins:execute_command", 
                "command": "summon lightning_bolt"
            }, 
            {
                "type": "origins:apply_effect", 
                "effect": { 
                    "effect": "minecraft:speed",
                    "duration": 200,
                    "amplifier": 2,
                    "is_ambient": true,
                    "show_particles": false,
                    "show_icon": true
                }
            },
            {
                "type": "origins:apply_effect",
                "effect": {
                    "effect": "minecraft:regeneration",
                    "duration": 200,
                    "amplifier": 10,
                    "is_ambient": true,
                    "show_particles": false,
                    "show_icon": true
                }
            },
            {
                "type": "origins:apply_effect",
                "effect": {
                    "effect": "minecraft:strength",
                    "duration": 200,
                    "amplifier": 10,
                    "is_ambient": true,
                    "show_particles": false,
                    "show_icon": true
                }
            },
            {
                "type": "origins:apply_effect",
                "effect": {
                    "effect": "minecraft:absorption",
                    "duration": 200,
                    "amplifier": 10,
                    "is_ambient": true,
                    "show_particles": false,
                    "show_icon": true
                }
            },
            {
                "type": "origins:apply_effect",
                "effect": {
                    "effect": "minecraft:fire_resistance",
                    "duration": 200,
                    "amplifier": 10,
                    "is_ambient": true,
                    "show_particles": false,
                    "show_icon": true
                }
            }
        ]
    },
    "cooldown": 300,
    "hud_render": {
        "should_render": true
    },
    "key": "key.origins.secondary_active", 
    "name": "Thunder SStrike", 
    "description": "zippity zappity, your power is now my property."
}