{
    "type": "origins:action_over_time",
    "condition": {
        "type": "origins:or",
        "conditions": [
            {
                "type": "origins:biome",
                "condition": {
                    "type": "origins:temperature",
                    "comparison": ">",
                    "compare_to": 1.0
                }
            }, 
            {
                "type": "origins:biome",
                "condition": {
                    "type": "origins:temperature",
                    "comparison": "<",
                    "compare_to": 0.4
                }
            }
        ]
    },
    "entity_action": {
        "type": "origins:apply_effect",
        "effects": [
            {
                "effect": "minecraft:slowness",
                "duration": 300,
                "amplifier": 0
            },
            {
                "effect": "minecraft:weakness",
                "duration": 300,
                "amplifier": 0
            }
        ]
    },
    "interval": "250", 
    "name": "Temperate Climate", 
    "description": "As a frog, you excel in moderate climates, but suffer in the extremes. Extreme cold or hot cause you to become dry or sluggish, making you slower and weaker."
}