{
    "type": "origins:action_on_callback",
    "entity_action_chosen": {
        "type": "origins:and",
        "actions": [
            {
                "type": "origins:execute_command",
                "command": "scale set pehkui:height 0.3", 
                "permission_level": 4
            },
            {
                "type": "origins:execute_command",
                "command": "scale set pehkui:width 0.3", 
                "permission_level": 4
            },
            {
                "type": "origins:execute_command",
                "command": "scale set pehkui:motion 0.7", 
                "permission_level": 4
            },
            {
                "type": "origins:execute_command",
                "command": "scale set pehkui:drops 0.3"
            }
        ]
    },
    "entity_action_respawned": {
        "type": "origins:and",
        "actions": [
            {
                "type": "origins:execute_command",
                "command": "scale set pehkui:height 0.3", 
                "permission_level": 4
            },
            {
                "type": "origins:execute_command",
                "command": "scale set pehkui:width 0.3", 
                "permission_level": 4
            },
            {
                "type": "origins:execute_command",
                "command": "scale set pehkui:motion 0.7", 
                "permission_level": 4
            },
            {
                "type": "origins:execute_command",
                "command": "scale set pehkui:drops 0.3"
            }
        ]
    },
    "entity_action_lost": {
        "type": "origins:execute_command",
        "command": "scale reset @s", 
        "permission_level": 4 
    },
    "execute_chosen_when_orb": true,
    "hidden": false,
    "description": "You're a frog, so you are small and have less hearts.", 
    "name": "Your Size is My Property."
}