{
    "type": "origins:active_self",
    "entity_action": {
        "type": "origins:and",
        "actions": [
            {
                "type": "origins:raycast",
                "distance": 12,
                "block": true,
                "entity": true,
                "shape_type": "visual",
                "fluid_handling": "any",
                "bientity_action": {
                    "type": "origins:damage",
                    "amount": 8,
                    "source": {
                        "name": "cramming.player",
                        "bypasses_armor": false
                    }
                },
                "command_at_hit": "particle slime ~ ~ ~ 0.1 0.1 0.1 0.0 10 normal",
                "command_along_ray": "particle dust 0.8 0.5 0.5 0.3 ~ ~ ~ 0.05 0.05 0.05 0.3 25 normal",
                "command_step": 1,
                "command_along_ray_only_on_hit": true
            }
        ]
    },
    "cooldown": 200,
    "hud_render": {
        "should_render": false
    },
    "key": {
        "key": "key.origins.secondary_active",
        "continuous": false
    },
    "name": "Weaponized Tongue",
    "description": "You can fire off your tongue to make attacks."
}