{
    "type": "origins:prevent_death",
    "condition": {
        "type": "origins:on_fire"
    },
    "entity_action": {
        "type": "origins:and",
        "actions": [
            {
                "type": "origins:clear_effect"
            },
            {
                "type": "origins:apply_effect",
                "effects": [
                    {
                        "effect": "minecraft:regeneration",
                        "amplifier": 2,
                        "duration": 900
                    },
                    {
                        "effect": "minecraft:instant_health",
                        "amplifier": 2,
                        "duration": 1
                    }
                ]
            },
            {
                "type": "origins:execute_command",
                "command": "particle minecraft:flame ~ ~1 ~ 0.3 0.9 0.3 1 180 normal"
            },
            {
                "type": "origins:execute_command",
                "command": "particle flash ~ ~1 ~"
            },
            {
                "type": "origins:execute_command",
                "command": "playsound minecraft:item.totem.use master @a",
                "permission_level": 4
            }
        ]
    },
    "name": "Blazing Rebirth",
    "description": "In a dire situation, you can avoid death by setting yourself on fire."
}