{
    "type": "origins:active_self",
    "entity_action": {
        "type": "origins:set_on_fire",
        "duration": 10
    },
    "key": {
        "key": "key.origins.secondary_active"
    },
    "cooldown": 250,
    "hud_render": {
        "should_render": true, 
        "sprite_location": "origins:textures/gui/resource_bar.png", 
        "bar_index": 7
    }, 
    "hidden": false, 
    "name": "Phoenix Beat", 
    "description": "You have the ability to set yourself on fire."
}