{
    "type": "origins:target_action_on_hit",
    "name": "Holy Fire",
    "description": "Your divine grace sets the creatures ablaze when you hit them.",
    "condition": {
        "type": "origins:equipped_item",
        "equipment_slot": "mainhand",
        "item_condition": {
            "type": "origins:ingredient",
            "ingredient": {
                "item": "minecraft:air"
            }
        }
    },
    "entity_action": {
        "type": "origins:set_on_fire",
        "duration": 5
    },
    "cooldown": 60,
    "hud_render": {
        "should_render": true, 
        "sprite_location": "origins:textures/gui/community/spiderkolo/resource_bar_01.png", 
        "bar_index": 10
    }
}